epoch,time,train/box_loss,train/cls_loss,train/dfl_loss,metrics/precision(B),metrics/recall(B),metrics/mAP50(B),metrics/mAP50-95(B),val/box_loss,val/cls_loss,val/dfl_loss,lr/pg0,lr/pg1,lr/pg2
1,5.93472,1.45376,3.85769,1.20743,0.11705,0.15261,0.07074,0.04246,1.53094,3.54163,1.22336,0.0004,0.0004,0.0964
2,8.61825,1.25927,3.18342,1.01457,0.04848,0.17998,0.08391,0.02907,2.11625,3.29936,1.7936,0.00089703,0.00089703,0.091897
3,10.7615,1.46735,2.61938,1.08738,0.0501,0.18598,0.08265,0.04456,1.98605,2.94783,1.55855,0.00139076,0.00139076,0.0873908
4,12.6684,1.40053,2.15749,1.09177,0.22957,0.18915,0.16229,0.10177,1.86258,2.81792,1.79917,0.00188119,0.00188119,0.0828812
5,14.5525,1.45205,1.97228,1.14465,0.1498,0.21335,0.17127,0.10726,1.99361,inf,1.85168,0.00236832,0.00236832,0.0783683
6,16.4638,1.48198,1.76723,1.09417,0.06505,0.24147,0.11315,0.07832,1.60826,inf,1.34439,0.00285215,0.00285215,0.0738522
7,18.3483,1.32846,1.63591,1.11041,0.06596,0.24484,0.11014,0.07501,1.47833,inf,1.2683,0.00333268,0.00333268,0.0693327
8,20.7938,1.3679,1.55648,1.11064,0.06596,0.24484,0.11014,0.07501,1.47833,inf,1.2683,0.00380991,0.00380991,0.0648099
9,22.8749,1.26794,1.53594,1.08939,0.04586,0.17023,0.05654,0.03143,1.82318,inf,1.33715,0.00428384,0.00428384,0.0602838
10,24.8528,1.33875,1.44008,1.10129,0.05152,0.19123,0.06398,0.03493,2.05155,inf,1.43676,0.00475447,0.00475447,0.0557545
11,26.7936,1.38,1.31938,1.09859,0.05152,0.19123,0.06398,0.03493,2.05155,inf,1.43676,0.0052218,0.0052218,0.0512218
12,28.8411,1.41212,1.39494,1.05328,0.06374,0.2366,0.05929,0.03794,1.63779,inf,1.40996,0.00568583,0.00568583,0.0466858
13,31.0513,1.29659,1.43286,1.12016,0.06374,0.2366,0.05929,0.03794,1.63779,inf,1.40996,0.00614656,0.00614656,0.0421466
14,35.1786,1.37583,1.58631,1.13048,0.06374,0.2366,0.05929,0.03794,1.63779,inf,1.40996,0.00660399,0.00660399,0.037604
15,38.0719,1.33671,1.49967,1.11337,0.53817,0.36391,0.22747,0.141,1.4266,inf,1.2798,0.00705812,0.00705812,0.0330581
16,40.025,1.28025,1.26655,1.11311,0.53817,0.36391,0.22747,0.141,1.4266,inf,1.2798,0.00750895,0.00750895,0.028509
17,41.8808,1.23067,1.33222,1.11231,0.53817,0.36391,0.22747,0.141,1.4266,inf,1.2798,0.00795648,0.00795648,0.0239565
18,43.7605,1.29134,1.32615,1.07452,0.11697,0.06478,0.01563,0.00594,1.53847,inf,1.20937,0.00840071,0.00840071,0.0194007
19,45.7132,1.34682,1.31786,1.09445,0.11697,0.06478,0.01563,0.00594,1.53847,inf,1.20937,0.00884164,0.00884164,0.0148416
20,48.1451,1.34164,1.30123,1.06994,0.11697,0.06478,0.01563,0.00594,1.53847,inf,1.20937,0.00927927,0.00927927,0.0102793
21,49.9871,1.43952,1.31391,1.08058,0.06469,0.165,0.01682,0.00747,2.09617,inf,1.70651,0.00934,0.00934,0.00934
22,51.7506,1.52095,1.39783,1.13852,0.06469,0.165,0.01682,0.00747,2.09617,inf,1.70651,0.009307,0.009307,0.009307
23,53.6045,1.42882,1.51004,1.13534,0.06469,0.165,0.01682,0.00747,2.09617,inf,1.70651,0.009274,0.009274,0.009274
24,55.3491,1.47465,1.48868,1.1471,0.11669,0.22559,0.04365,0.02535,1.88674,inf,2.19499,0.009241,0.009241,0.009241
25,57.4061,1.41001,1.40719,1.09833,0.11669,0.22559,0.04365,0.02535,1.88674,inf,2.19499,0.009208,0.009208,0.009208
26,59.4502,1.33211,1.29146,1.06552,0.11669,0.22559,0.04365,0.02535,1.88674,inf,2.19499,0.009175,0.009175,0.009175
27,61.7873,1.33854,1.39453,1.12624,0.33798,0.35208,0.12145,0.07388,1.47838,inf,1.29601,0.009142,0.009142,0.009142
28,63.5322,1.29016,1.34097,1.09854,0.33798,0.35208,0.12145,0.07388,1.47838,inf,1.29601,0.009109,0.009109,0.009109
29,65.4546,1.39204,1.28217,1.05752,0.33798,0.35208,0.12145,0.07388,1.47838,inf,1.29601,0.009076,0.009076,0.009076
30,67.3217,1.30717,1.27487,1.05474,0.34224,0.24361,0.07342,0.03584,1.55168,inf,1.36245,0.009043,0.009043,0.009043
31,69.1538,1.29598,1.26581,1.09052,0.34224,0.24361,0.07342,0.03584,1.55168,inf,1.36245,0.00901,0.00901,0.00901
32,70.9222,1.32997,1.40124,1.1287,0.34224,0.24361,0.07342,0.03584,1.55168,inf,1.36245,0.008977,0.008977,0.008977
33,73.1548,1.41576,1.44958,1.14545,0.34224,0.24361,0.07342,0.03584,1.55168,inf,1.36245,0.008944,0.008944,0.008944
34,75.4408,1.25076,1.279,1.04111,0.31785,0.21905,0.08734,0.04315,1.33923,inf,1.31483,0.008911,0.008911,0.008911
35,77.2228,1.2267,1.33197,1.10049,0.31785,0.21905,0.08734,0.04315,1.33923,inf,1.31483,0.008878,0.008878,0.008878
36,79.1606,1.28444,1.28868,1.08295,0.31785,0.21905,0.08734,0.04315,1.33923,inf,1.31483,0.008845,0.008845,0.008845
37,80.9647,1.31623,1.31073,1.06561,0.13111,0.1825,0.02072,0.01031,1.292,inf,1.18251,0.008812,0.008812,0.008812
38,82.8539,1.3751,1.38943,1.11447,0.13111,0.1825,0.02072,0.01031,1.292,inf,1.18251,0.008779,0.008779,0.008779
39,84.6557,1.25726,1.38478,1.10649,0.13111,0.1825,0.02072,0.01031,1.292,inf,1.18251,0.008746,0.008746,0.008746
40,87.0481,1.26169,1.29567,1.07737,0.51251,0.54088,0.40218,0.21291,1.24417,inf,1.1981,0.008713,0.008713,0.008713
41,88.9823,1.32377,1.24569,1.05155,0.51251,0.54088,0.40218,0.21291,1.24417,inf,1.1981,0.00868,0.00868,0.00868
42,90.7371,1.26907,1.22138,1.04284,0.51251,0.54088,0.40218,0.21291,1.24417,inf,1.1981,0.008647,0.008647,0.008647
43,92.5525,1.23254,1.32594,1.08144,0.59014,0.69933,0.62536,0.35601,1.23752,2.66152,1.15013,0.008614,0.008614,0.008614
44,94.3521,1.22623,1.30116,1.07246,0.59014,0.69933,0.62536,0.35601,1.23752,2.66152,1.15013,0.008581,0.008581,0.008581
45,96.1805,1.32321,1.28221,1.04223,0.59014,0.69933,0.62536,0.35601,1.23752,2.66152,1.15013,0.008548,0.008548,0.008548
46,98.0885,1.27592,1.25381,1.07939,0.60471,0.73873,0.68295,0.40768,1.19777,2.40537,1.14061,0.008515,0.008515,0.008515
47,100.487,1.22134,1.18899,1.04114,0.60471,0.73873,0.68295,0.40768,1.19777,2.40537,1.14061,0.008482,0.008482,0.008482
48,102.282,1.2029,1.28427,1.05368,0.60471,0.73873,0.68295,0.40768,1.19777,2.40537,1.14061,0.008449,0.008449,0.008449
49,104.148,1.28615,1.38064,1.06186,0.60471,0.73873,0.68295,0.40768,1.19777,2.40537,1.14061,0.008416,0.008416,0.008416
50,105.905,1.2111,1.16947,1.0563,0.521,0.69593,0.59169,0.37011,1.16718,2.3642,1.10945,0.008383,0.008383,0.008383
51,107.673,1.23191,1.19865,1.0305,0.521,0.69593,0.59169,0.37011,1.16718,2.3642,1.10945,0.00835,0.00835,0.00835
52,109.561,1.19604,1.15986,1.046,0.521,0.69593,0.59169,0.37011,1.16718,2.3642,1.10945,0.008317,0.008317,0.008317
53,111.513,1.24241,1.30187,1.08759,0.56506,0.62396,0.53471,0.33425,1.25467,1.84641,1.14461,0.008284,0.008284,0.008284
54,113.787,1.26119,1.2523,1.07193,0.56506,0.62396,0.53471,0.33425,1.25467,1.84641,1.14461,0.008251,0.008251,0.008251
55,115.452,1.18619,1.23572,1.0795,0.56506,0.62396,0.53471,0.33425,1.25467,1.84641,1.14461,0.008218,0.008218,0.008218
56,117.197,1.19867,1.20963,1.0483,0.74536,0.74896,0.70532,0.43484,1.23817,1.59045,1.16877,0.008185,0.008185,0.008185
57,118.975,1.19417,1.08656,1.06956,0.74536,0.74896,0.70532,0.43484,1.23817,1.59045,1.16877,0.008152,0.008152,0.008152
58,120.782,1.19346,1.16987,1.04568,0.74536,0.74896,0.70532,0.43484,1.23817,1.59045,1.16877,0.008119,0.008119,0.008119
59,122.626,1.19588,1.10556,1.01852,0.76442,0.72485,0.70903,0.45124,1.17356,1.45958,1.13399,0.008086,0.008086,0.008086
60,124.631,1.23664,1.18195,1.03915,0.76442,0.72485,0.70903,0.45124,1.17356,1.45958,1.13399,0.008053,0.008053,0.008053
61,126.976,1.21495,1.24385,1.08425,0.76442,0.72485,0.70903,0.45124,1.17356,1.45958,1.13399,0.00802,0.00802,0.00802
62,129.526,1.2639,1.14908,1.00513,0.76715,0.79412,0.75671,0.48934,1.14354,1.26334,1.09833,0.007987,0.007987,0.007987
63,131.29,1.16536,1.10629,1.03609,0.76715,0.79412,0.75671,0.48934,1.14354,1.26334,1.09833,0.007954,0.007954,0.007954
64,133.073,1.17872,1.11284,1.03417,0.76715,0.79412,0.75671,0.48934,1.14354,1.26334,1.09833,0.007921,0.007921,0.007921
65,134.934,1.2465,1.05189,1.00844,0.76715,0.79412,0.75671,0.48934,1.14354,1.26334,1.09833,0.007888,0.007888,0.007888
66,136.862,1.21956,1.06052,0.99417,0.77473,0.82119,0.77782,0.49776,1.17023,1.23431,1.09673,0.007855,0.007855,0.007855
67,139.331,1.22787,1.0936,0.99238,0.77473,0.82119,0.77782,0.49776,1.17023,1.23431,1.09673,0.007822,0.007822,0.007822
68,141.26,1.30503,1.14239,1.00264,0.77473,0.82119,0.77782,0.49776,1.17023,1.23431,1.09673,0.007789,0.007789,0.007789
69,143.131,1.17215,1.05661,1.03305,0.75863,0.81632,0.76299,0.50096,1.16417,1.20052,1.09722,0.007756,0.007756,0.007756
70,144.874,1.22853,1.11749,1.02007,0.75863,0.81632,0.76299,0.50096,1.16417,1.20052,1.09722,0.007723,0.007723,0.007723
71,146.602,1.17076,1.16397,1.03653,0.75863,0.81632,0.76299,0.50096,1.16417,1.20052,1.09722,0.00769,0.00769,0.00769
72,148.533,1.30819,1.09762,0.97875,0.7804,0.8224,0.7502,0.49443,1.16144,1.15126,1.08997,0.007657,0.007657,0.007657
73,150.524,1.23931,1.06556,1.01747,0.7804,0.8224,0.7502,0.49443,1.16144,1.15126,1.08997,0.007624,0.007624,0.007624
74,153.016,1.2841,1.07939,1.03051,0.7804,0.8224,0.7502,0.49443,1.16144,1.15126,1.08997,0.007591,0.007591,0.007591
75,154.874,1.25017,1.10448,0.98131,0.78963,0.79982,0.7398,0.49231,1.15119,1.13383,1.07214,0.007558,0.007558,0.007558
76,156.63,1.17433,1.08059,1.0268,0.78963,0.79982,0.7398,0.49231,1.15119,1.13383,1.07214,0.007525,0.007525,0.007525
77,158.382,1.20508,1.06625,1.04644,0.78963,0.79982,0.7398,0.49231,1.15119,1.13383,1.07214,0.007492,0.007492,0.007492
78,160.251,1.27777,1.13933,1.01957,0.83259,0.82072,0.79724,0.52848,1.13115,1.0588,1.07204,0.007459,0.007459,0.007459
79,161.966,1.21837,1.15529,1.05444,0.83259,0.82072,0.79724,0.52848,1.13115,1.0588,1.07204,0.007426,0.007426,0.007426
80,164.05,1.18973,1.04903,1.046,0.83259,0.82072,0.79724,0.52848,1.13115,1.0588,1.07204,0.007393,0.007393,0.007393
81,166.29,1.11583,1.07373,1.03181,0.83259,0.82072,0.79724,0.52848,1.13115,1.0588,1.07204,0.00736,0.00736,0.00736
82,168.095,1.13877,0.99622,1.03134,0.80671,0.81233,0.77036,0.51596,1.11835,1.05657,1.06436,0.007327,0.007327,0.007327
83,169.884,1.19051,1.06437,1.02876,0.80671,0.81233,0.77036,0.51596,1.11835,1.05657,1.06436,0.007294,0.007294,0.007294
84,171.589,1.14409,1.02755,1.01379,0.80671,0.81233,0.77036,0.51596,1.11835,1.05657,1.06436,0.007261,0.007261,0.007261
85,173.422,1.16453,1.00952,1.01301,0.82645,0.82848,0.80621,0.53236,1.13767,1.04099,1.06695,0.007228,0.007228,0.007228
86,175.161,1.14181,0.96496,1.0103,0.82645,0.82848,0.80621,0.53236,1.13767,1.04099,1.06695,0.007195,0.007195,0.007195
87,177.216,1.16449,1.01444,1.00532,0.82645,0.82848,0.80621,0.53236,1.13767,1.04099,1.06695,0.007162,0.007162,0.007162
88,179.492,1.21227,1.01415,0.99225,0.76495,0.80203,0.77231,0.5137,1.11433,1.14905,1.06101,0.007129,0.007129,0.007129
89,181.362,1.23027,1.02474,1.01842,0.76495,0.80203,0.77231,0.5137,1.11433,1.14905,1.06101,0.007096,0.007096,0.007096
90,183.111,1.16618,1.04936,1.05575,0.76495,0.80203,0.77231,0.5137,1.11433,1.14905,1.06101,0.007063,0.007063,0.007063
91,184.907,1.17939,0.99987,1.02446,0.7604,0.84357,0.79432,0.52427,1.13882,1.08108,1.06646,0.00703,0.00703,0.00703
92,186.636,1.12004,1.00384,1.02715,0.7604,0.84357,0.79432,0.52427,1.13882,1.08108,1.06646,0.006997,0.006997,0.006997
93,188.515,1.16682,0.97848,0.99688,0.7604,0.84357,0.79432,0.52427,1.13882,1.08108,1.06646,0.006964,0.006964,0.006964
94,190.66,1.21791,0.95588,0.99774,0.76906,0.83972,0.78765,0.52489,1.14369,1.0605,1.07285,0.006931,0.006931,0.006931
95,192.908,1.0924,0.98912,1.00385,0.76906,0.83972,0.78765,0.52489,1.14369,1.0605,1.07285,0.006898,0.006898,0.006898
96,194.711,1.16169,1.01335,0.99782,0.76906,0.83972,0.78765,0.52489,1.14369,1.0605,1.07285,0.006865,0.006865,0.006865
97,196.429,1.12519,0.99188,1.03966,0.76906,0.83972,0.78765,0.52489,1.14369,1.0605,1.07285,0.006832,0.006832,0.006832
98,198.214,1.13376,0.95263,1.00051,0.76445,0.81424,0.77569,0.52552,1.13786,1.06803,1.07709,0.006799,0.006799,0.006799
99,200.107,1.15265,1.02981,0.99697,0.76445,0.81424,0.77569,0.52552,1.13786,1.06803,1.07709,0.006766,0.006766,0.006766
100,201.926,1.11738,0.9604,1.00035,0.76445,0.81424,0.77569,0.52552,1.13786,1.06803,1.07709,0.006733,0.006733,0.006733
101,204.222,1.11846,0.87245,0.98622,0.78862,0.82651,0.77914,0.53669,1.10751,1.01069,1.06159,0.0067,0.0067,0.0067
102,206.485,1.10211,0.94289,1.00642,0.78862,0.82651,0.77914,0.53669,1.10751,1.01069,1.06159,0.006667,0.006667,0.006667
103,208.434,1.12479,0.9631,1.0035,0.78862,0.82651,0.77914,0.53669,1.10751,1.01069,1.06159,0.006634,0.006634,0.006634
104,210.19,1.06078,0.93371,1.00758,0.79382,0.82327,0.78585,0.54219,1.08201,0.99071,1.05625,0.006601,0.006601,0.006601
105,211.991,1.15365,0.98725,1.00981,0.79382,0.82327,0.78585,0.54219,1.08201,0.99071,1.05625,0.006568,0.006568,0.006568
106,213.892,1.15002,0.90269,0.97972,0.79382,0.82327,0.78585,0.54219,1.08201,0.99071,1.05625,0.006535,0.006535,0.006535
107,215.756,1.14063,0.9687,1.01382,0.82065,0.86039,0.80293,0.54499,1.08809,0.97086,1.05717,0.006502,0.006502,0.006502
108,218.266,1.13548,0.92182,0.98375,0.82065,0.86039,0.80293,0.54499,1.08809,0.97086,1.05717,0.006469,0.006469,0.006469
109,220.118,1.13171,0.90701,1.01477,0.82065,0.86039,0.80293,0.54499,1.08809,0.97086,1.05717,0.006436,0.006436,0.006436
110,221.888,1.1343,0.94902,1.03633,0.84973,0.85065,0.8127,0.5536,1.08701,0.97476,1.0657,0.006403,0.006403,0.006403
111,223.674,1.10334,0.94314,1.00531,0.84973,0.85065,0.8127,0.5536,1.08701,0.97476,1.0657,0.00637,0.00637,0.00637
112,225.492,1.16305,0.95451,0.98116,0.84973,0.85065,0.8127,0.5536,1.08701,0.97476,1.0657,0.006337,0.006337,0.006337
113,227.272,1.16878,0.88972,0.99341,0.84973,0.85065,0.8127,0.5536,1.08701,0.97476,1.0657,0.006304,0.006304,0.006304
114,229.071,1.1335,1.0495,1.03573,0.83394,0.85678,0.81356,0.55641,1.08637,0.98898,1.0694,0.006271,0.006271,0.006271
115,231.308,1.15534,0.87462,1.009,0.83394,0.85678,0.81356,0.55641,1.08637,0.98898,1.0694,0.006238,0.006238,0.006238
116,233.343,1.13668,0.89195,1.01814,0.83394,0.85678,0.81356,0.55641,1.08637,0.98898,1.0694,0.006205,0.006205,0.006205
117,235.14,1.08714,0.84421,0.98621,0.81205,0.85386,0.8034,0.55397,1.07219,0.96791,1.05394,0.006172,0.006172,0.006172
118,236.943,1.14833,0.87763,0.97624,0.81205,0.85386,0.8034,0.55397,1.07219,0.96791,1.05394,0.006139,0.006139,0.006139
119,238.769,1.15587,0.84992,0.97626,0.81205,0.85386,0.8034,0.55397,1.07219,0.96791,1.05394,0.006106,0.006106,0.006106
120,240.59,1.11449,0.90878,1.00758,0.8067,0.85543,0.80148,0.5512,1.08278,0.97913,1.04778,0.006073,0.006073,0.006073
121,242.476,1.08648,0.86131,0.96734,0.8067,0.85543,0.80148,0.5512,1.08278,0.97913,1.04778,0.00604,0.00604,0.00604
122,244.813,1.17789,0.93252,0.99478,0.8067,0.85543,0.80148,0.5512,1.08278,0.97913,1.04778,0.006007,0.006007,0.006007
123,246.672,1.15081,0.89137,0.99179,0.70056,0.73537,0.65261,0.43541,1.11247,1.46986,1.09263,0.005974,0.005974,0.005974
124,248.539,1.14985,0.89148,0.98287,0.70056,0.73537,0.65261,0.43541,1.11247,1.46986,1.09263,0.005941,0.005941,0.005941
125,250.323,1.14919,1.01464,1.02879,0.70056,0.73537,0.65261,0.43541,1.11247,1.46986,1.09263,0.005908,0.005908,0.005908
126,252.716,1.1742,0.91565,1.02079,0.72901,0.77528,0.69001,0.46978,1.11262,1.29754,1.09031,0.005875,0.005875,0.005875
127,254.534,1.14411,0.88533,0.98993,0.72901,0.77528,0.69001,0.46978,1.11262,1.29754,1.09031,0.005842,0.005842,0.005842
128,256.781,1.09836,0.99899,1.03051,0.72901,0.77528,0.69001,0.46978,1.11262,1.29754,1.09031,0.005809,0.005809,0.005809
129,258.93,1.11835,0.89976,1.01814,0.72901,0.77528,0.69001,0.46978,1.11262,1.29754,1.09031,0.005776,0.005776,0.005776
130,260.901,1.11974,0.87258,0.96712,0.80485,0.84901,0.79961,0.55591,1.07181,0.93438,1.05625,0.005743,0.005743,0.005743
131,262.652,1.07813,0.8602,1.01451,0.80485,0.84901,0.79961,0.55591,1.07181,0.93438,1.05625,0.00571,0.00571,0.00571
132,264.549,1.15271,0.92545,0.98184,0.80485,0.84901,0.79961,0.55591,1.07181,0.93438,1.05625,0.005677,0.005677,0.005677
133,266.44,1.11635,0.91054,0.99184,0.81956,0.84835,0.79877,0.55351,1.06959,0.93516,1.06239,0.005644,0.005644,0.005644
134,268.309,1.13081,0.90553,1.00883,0.81956,0.84835,0.79877,0.55351,1.06959,0.93516,1.06239,0.005611,0.005611,0.005611
135,270.669,1.0836,0.82775,0.98448,0.81956,0.84835,0.79877,0.55351,1.06959,0.93516,1.06239,0.005578,0.005578,0.005578
136,272.871,1.10613,0.86509,0.96511,0.84623,0.83491,0.81426,0.56211,1.07414,0.95443,1.05751,0.005545,0.005545,0.005545
137,274.721,1.07755,0.87302,1.01082,0.84623,0.83491,0.81426,0.56211,1.07414,0.95443,1.05751,0.005512,0.005512,0.005512
138,276.533,1.0928,0.80391,0.96023,0.84623,0.83491,0.81426,0.56211,1.07414,0.95443,1.05751,0.005479,0.005479,0.005479
139,278.3,1.11594,1.04547,1.05161,0.60078,0.63566,0.46758,0.32099,1.08097,1.81607,1.04724,0.005446,0.005446,0.005446
140,280.01,1.08791,0.94582,1.04511,0.60078,0.63566,0.46758,0.32099,1.08097,1.81607,1.04724,0.005413,0.005413,0.005413
141,282.079,1.16018,0.92787,0.9939,0.60078,0.63566,0.46758,0.32099,1.08097,1.81607,1.04724,0.00538,0.00538,0.00538
142,284.517,1.07573,0.88073,0.95949,0.82865,0.82747,0.80688,0.55902,1.06536,0.95556,1.04526,0.005347,0.005347,0.005347
143,286.467,1.07606,0.86329,0.98323,0.82865,0.82747,0.80688,0.55902,1.06536,0.95556,1.04526,0.005314,0.005314,0.005314
144,288.249,1.12995,0.86808,1.00188,0.82865,0.82747,0.80688,0.55902,1.06536,0.95556,1.04526,0.005281,0.005281,0.005281
145,290.082,1.07738,0.86603,0.98392,0.82865,0.82747,0.80688,0.55902,1.06536,0.95556,1.04526,0.005248,0.005248,0.005248
146,291.952,1.13609,0.84887,0.96319,0.78819,0.79894,0.79316,0.55063,1.0612,1.01847,1.03453,0.005215,0.005215,0.005215
147,293.655,1.06758,0.83937,1.01211,0.78819,0.79894,0.79316,0.55063,1.0612,1.01847,1.03453,0.005182,0.005182,0.005182
148,295.831,1.08723,0.87735,0.95613,0.78819,0.79894,0.79316,0.55063,1.0612,1.01847,1.03453,0.005149,0.005149,0.005149
149,298.122,1.0748,0.84499,0.98764,0.80737,0.8292,0.82282,0.57513,1.05907,0.92227,1.02671,0.005116,0.005116,0.005116
150,299.968,1.15402,0.85163,0.99367,0.80737,0.8292,0.82282,0.57513,1.05907,0.92227,1.02671,0.005083,0.005083,0.005083
151,301.774,1.09894,0.87569,0.99349,0.80737,0.8292,0.82282,0.57513,1.05907,0.92227,1.02671,0.00505,0.00505,0.00505
152,303.617,1.08341,0.79546,0.95469,0.83333,0.85038,0.81585,0.57039,1.05627,0.91809,1.02192,0.005017,0.005017,0.005017
153,305.357,1.08939,0.86553,0.99914,0.83333,0.85038,0.81585,0.57039,1.05627,0.91809,1.02192,0.004984,0.004984,0.004984
154,307.136,1.09539,0.89256,0.99708,0.83333,0.85038,0.81585,0.57039,1.05627,0.91809,1.02192,0.004951,0.004951,0.004951
155,309.511,1.11235,0.84476,0.96445,0.82265,0.84276,0.81177,0.56349,1.05999,0.9417,1.02415,0.004918,0.004918,0.004918
156,311.618,1.1181,0.83195,0.96309,0.82265,0.84276,0.81177,0.56349,1.05999,0.9417,1.02415,0.004885,0.004885,0.004885
157,313.334,1.01509,0.84056,0.98447,0.82265,0.84276,0.81177,0.56349,1.05999,0.9417,1.02415,0.004852,0.004852,0.004852
158,315.205,1.11174,0.80104,0.96677,0.82558,0.84368,0.81394,0.56677,1.07183,0.91119,1.0316,0.004819,0.004819,0.004819
159,317.023,1.13103,0.84375,1.01733,0.82558,0.84368,0.81394,0.56677,1.07183,0.91119,1.0316,0.004786,0.004786,0.004786
160,318.909,1.1173,0.8812,1.01268,0.82558,0.84368,0.81394,0.56677,1.07183,0.91119,1.0316,0.004753,0.004753,0.004753
161,320.759,1.13737,0.90597,1.03582,0.82558,0.84368,0.81394,0.56677,1.07183,0.91119,1.0316,0.00472,0.00472,0.00472
162,323.306,1.08469,0.81653,0.98128,0.83152,0.85556,0.81753,0.57058,1.081,0.89448,1.04192,0.004687,0.004687,0.004687
163,325.113,1.06079,0.90259,1.02421,0.83152,0.85556,0.81753,0.57058,1.081,0.89448,1.04192,0.004654,0.004654,0.004654
164,326.951,1.07042,0.81819,0.99112,0.83152,0.85556,0.81753,0.57058,1.081,0.89448,1.04192,0.004621,0.004621,0.004621
165,329.214,1.08835,0.79721,0.96185,0.84847,0.847,0.81614,0.56621,1.08944,0.87439,1.04809,0.004588,0.004588,0.004588
166,331.058,1.10474,0.91245,0.97985,0.84847,0.847,0.81614,0.56621,1.08944,0.87439,1.04809,0.004555,0.004555,0.004555
167,332.866,1.08876,0.79885,0.9737,0.84847,0.847,0.81614,0.56621,1.08944,0.87439,1.04809,0.004522,0.004522,0.004522
168,334.99,1.14703,0.83006,0.99504,0.85427,0.85799,0.81062,0.56292,1.09022,0.85338,1.04259,0.004489,0.004489,0.004489
169,337.289,1.12959,0.88089,0.98812,0.85427,0.85799,0.81062,0.56292,1.09022,0.85338,1.04259,0.004456,0.004456,0.004456
170,339.014,1.05511,0.88852,1.01605,0.85427,0.85799,0.81062,0.56292,1.09022,0.85338,1.04259,0.004423,0.004423,0.004423
171,340.728,1.05427,0.82851,1.00544,0.83163,0.83849,0.81512,0.56991,1.07617,0.8753,1.03472,0.00439,0.00439,0.00439
172,342.534,1.04768,0.81238,0.98142,0.83163,0.83849,0.81512,0.56991,1.07617,0.8753,1.03472,0.004357,0.004357,0.004357
173,344.563,1.15199,0.8117,0.9681,0.83163,0.83849,0.81512,0.56991,1.07617,0.8753,1.03472,0.004324,0.004324,0.004324
174,346.428,1.08835,0.80829,0.9785,0.83321,0.81601,0.81403,0.56553,1.06927,0.89172,1.03245,0.004291,0.004291,0.004291
175,348.625,1.0916,0.77295,0.96984,0.83321,0.81601,0.81403,0.56553,1.06927,0.89172,1.03245,0.004258,0.004258,0.004258
176,350.899,1.07154,0.83497,0.98823,0.83321,0.81601,0.81403,0.56553,1.06927,0.89172,1.03245,0.004225,0.004225,0.004225
177,352.728,1.11747,0.83338,0.9845,0.83321,0.81601,0.81403,0.56553,1.06927,0.89172,1.03245,0.004192,0.004192,0.004192
178,354.515,1.09611,0.88554,1.00607,0.83018,0.83425,0.82211,0.57507,1.06076,0.87666,1.03234,0.004159,0.004159,0.004159
179,356.361,1.06408,0.77324,0.98774,0.83018,0.83425,0.82211,0.57507,1.06076,0.87666,1.03234,0.004126,0.004126,0.004126
180,358.214,1.13654,0.84857,0.98529,0.83018,0.83425,0.82211,0.57507,1.06076,0.87666,1.03234,0.004093,0.004093,0.004093
181,360.078,1.0611,0.83569,0.98069,0.86998,0.84131,0.83339,0.5846,1.06162,0.84462,1.04326,0.00406,0.00406,0.00406
182,362.14,1.0798,0.80003,0.97926,0.86998,0.84131,0.83339,0.5846,1.06162,0.84462,1.04326,0.004027,0.004027,0.004027
183,364.743,1.1198,0.81765,0.97145,0.86998,0.84131,0.83339,0.5846,1.06162,0.84462,1.04326,0.003994,0.003994,0.003994
184,366.578,1.0412,0.83516,0.98779,0.8632,0.83888,0.82916,0.57538,1.07167,0.87018,1.05424,0.003961,0.003961,0.003961
185,368.437,1.0635,0.8111,0.97455,0.8632,0.83888,0.82916,0.57538,1.07167,0.87018,1.05424,0.003928,0.003928,0.003928
186,370.265,1.02092,0.78053,0.9667,0.8632,0.83888,0.82916,0.57538,1.07167,0.87018,1.05424,0.003895,0.003895,0.003895
187,372.12,1.06693,0.82285,0.99049,0.84917,0.85895,0.83181,0.57085,1.07798,0.86207,1.04888,0.003862,0.003862,0.003862
188,373.879,1.02052,0.79998,0.97381,0.84917,0.85895,0.83181,0.57085,1.07798,0.86207,1.04888,0.003829,0.003829,0.003829
189,376.144,1.0474,0.79713,0.94373,0.84917,0.85895,0.83181,0.57085,1.07798,0.86207,1.04888,0.003796,0.003796,0.003796
190,378.778,1.0901,0.79872,0.99536,0.85354,0.86372,0.83225,0.57649,1.06439,0.84396,1.03403,0.003763,0.003763,0.003763
191,380.606,1.03415,0.74714,0.96868,0.85354,0.86372,0.83225,0.57649,1.06439,0.84396,1.03403,0.00373,0.00373,0.00373
192,382.451,1.08101,0.82954,0.95776,0.85354,0.86372,0.83225,0.57649,1.06439,0.84396,1.03403,0.003697,0.003697,0.003697
193,384.311,1.0631,0.80191,0.97876,0.85354,0.86372,0.83225,0.57649,1.06439,0.84396,1.03403,0.003664,0.003664,0.003664
194,386.202,1.05586,0.73863,0.94508,0.84806,0.88028,0.84054,0.58491,1.05945,0.82884,1.02566,0.003631,0.003631,0.003631
195,388.131,1.1042,0.78064,0.97434,0.84806,0.88028,0.84054,0.58491,1.05945,0.82884,1.02566,0.003598,0.003598,0.003598
196,390.583,1.08023,0.76753,0.96939,0.84806,0.88028,0.84054,0.58491,1.05945,0.82884,1.02566,0.003565,0.003565,0.003565
197,392.504,1.00888,0.79333,0.97813,0.865,0.86214,0.83793,0.58472,1.05684,0.82313,1.02306,0.003532,0.003532,0.003532
198,394.692,1.09466,0.76829,0.96817,0.865,0.86214,0.83793,0.58472,1.05684,0.82313,1.02306,0.003499,0.003499,0.003499
199,396.574,1.03339,0.78675,0.9538,0.865,0.86214,0.83793,0.58472,1.05684,0.82313,1.02306,0.003466,0.003466,0.003466
200,398.432,1.08525,0.78403,0.98658,0.87298,0.8717,0.84307,0.58563,1.06124,0.81326,1.02823,0.003433,0.003433,0.003433
201,400.293,1.07764,0.7624,0.99224,0.87298,0.8717,0.84307,0.58563,1.06124,0.81326,1.02823,0.0034,0.0034,0.0034
202,402.379,1.08992,0.76743,0.96716,0.87298,0.8717,0.84307,0.58563,1.06124,0.81326,1.02823,0.003367,0.003367,0.003367
203,404.858,1.08126,0.77506,0.95849,0.87896,0.86587,0.85287,0.59123,1.06651,0.81435,1.03562,0.003334,0.003334,0.003334
204,406.718,1.02163,0.73805,0.96131,0.87896,0.86587,0.85287,0.59123,1.06651,0.81435,1.03562,0.003301,0.003301,0.003301
205,408.606,1.06606,0.77475,0.98503,0.87896,0.86587,0.85287,0.59123,1.06651,0.81435,1.03562,0.003268,0.003268,0.003268
206,410.485,1.07377,0.8299,1.00298,0.86596,0.87174,0.85074,0.5928,1.06755,0.81266,1.04111,0.003235,0.003235,0.003235
207,412.228,1.06197,0.74002,0.97897,0.86596,0.87174,0.85074,0.5928,1.06755,0.81266,1.04111,0.003202,0.003202,0.003202
208,414.036,1.00038,0.78068,0.98129,0.86596,0.87174,0.85074,0.5928,1.06755,0.81266,1.04111,0.003169,0.003169,0.003169
209,416.412,1.12475,0.78785,0.97309,0.86596,0.87174,0.85074,0.5928,1.06755,0.81266,1.04111,0.003136,0.003136,0.003136
210,418.707,1.07643,0.72671,0.95153,0.8672,0.86953,0.84601,0.58966,1.06886,0.81664,1.03955,0.003103,0.003103,0.003103
211,420.517,1.0715,0.78536,0.98288,0.8672,0.86953,0.84601,0.58966,1.06886,0.81664,1.03955,0.00307,0.00307,0.00307
212,422.246,1.01551,0.79855,1.02642,0.8672,0.86953,0.84601,0.58966,1.06886,0.81664,1.03955,0.003037,0.003037,0.003037
213,424.168,1.05441,0.77946,0.97699,0.86462,0.87393,0.84435,0.58928,1.06906,0.81043,1.03468,0.003004,0.003004,0.003004
214,426.028,1.08175,0.72692,0.94651,0.86462,0.87393,0.84435,0.58928,1.06906,0.81043,1.03468,0.002971,0.002971,0.002971
215,427.869,1.05063,0.74354,0.97016,0.86462,0.87393,0.84435,0.58928,1.06906,0.81043,1.03468,0.002938,0.002938,0.002938
216,430.297,1.06522,0.73102,0.95484,0.8695,0.87377,0.84238,0.58829,1.06121,0.8105,1.02649,0.002905,0.002905,0.002905
217,432.185,1.0395,0.7104,0.94997,0.8695,0.87377,0.84238,0.58829,1.06121,0.8105,1.02649,0.002872,0.002872,0.002872
218,434.059,1.04806,0.82005,1.00605,0.8695,0.87377,0.84238,0.58829,1.06121,0.8105,1.02649,0.002839,0.002839,0.002839
219,435.999,1.10135,0.77455,0.94998,0.84711,0.87039,0.83228,0.58298,1.05253,0.82774,1.01865,0.002806,0.002806,0.002806
220,437.833,1.0477,0.76286,0.96343,0.84711,0.87039,0.83228,0.58298,1.05253,0.82774,1.01865,0.002773,0.002773,0.002773
221,439.617,1.05931,0.87552,0.99012,0.84711,0.87039,0.83228,0.58298,1.05253,0.82774,1.01865,0.00274,0.00274,0.00274
222,441.647,1.05889,0.77321,0.95364,0.80756,0.84418,0.81743,0.56854,1.05385,0.88089,1.01852,0.002707,0.002707,0.002707
223,443.955,1.04728,0.7748,0.98357,0.80756,0.84418,0.81743,0.56854,1.05385,0.88089,1.01852,0.002674,0.002674,0.002674
224,445.849,1.04126,0.74351,0.95841,0.80756,0.84418,0.81743,0.56854,1.05385,0.88089,1.01852,0.002641,0.002641,0.002641
225,447.742,1.05171,0.80669,1.00471,0.80756,0.84418,0.81743,0.56854,1.05385,0.88089,1.01852,0.002608,0.002608,0.002608
226,449.691,1.08285,0.76481,0.96527,0.83411,0.80541,0.81034,0.5662,1.05063,0.87617,1.02179,0.002575,0.002575,0.002575
227,451.595,1.03772,0.72111,0.9767,0.83411,0.80541,0.81034,0.5662,1.05063,0.87617,1.02179,0.002542,0.002542,0.002542
228,453.442,1.03548,0.75871,0.98416,0.83411,0.80541,0.81034,0.5662,1.05063,0.87617,1.02179,0.002509,0.002509,0.002509
229,455.789,1.08713,0.76237,0.97073,0.82033,0.8498,0.82865,0.57834,1.05278,0.82261,1.02577,0.002476,0.002476,0.002476
230,458.226,1.05934,0.76138,0.97614,0.82033,0.8498,0.82865,0.57834,1.05278,0.82261,1.02577,0.002443,0.002443,0.002443
231,460.138,1.03428,0.76907,0.97193,0.82033,0.8498,0.82865,0.57834,1.05278,0.82261,1.02577,0.00241,0.00241,0.00241
232,462.122,1.06929,0.71022,0.95564,0.84289,0.85002,0.834,0.58358,1.05539,0.797,1.0313,0.002377,0.002377,0.002377
233,464.092,1.05892,0.76013,0.95145,0.84289,0.85002,0.834,0.58358,1.05539,0.797,1.0313,0.002344,0.002344,0.002344
234,466.098,1.10591,0.74791,0.96048,0.84289,0.85002,0.834,0.58358,1.05539,0.797,1.0313,0.002311,0.002311,0.002311
235,468.104,1.1058,0.76547,0.98958,0.85218,0.86688,0.8374,0.58729,1.05851,0.78432,1.03534,0.002278,0.002278,0.002278
236,470.651,1.06646,0.77081,0.98085,0.85218,0.86688,0.8374,0.58729,1.05851,0.78432,1.03534,0.002245,0.002245,0.002245
237,472.616,1.05374,0.73154,0.96591,0.85218,0.86688,0.8374,0.58729,1.05851,0.78432,1.03534,0.002212,0.002212,0.002212
238,474.579,1.03876,0.74065,0.95744,0.86132,0.86223,0.8381,0.58479,1.06705,0.78093,1.03924,0.002179,0.002179,0.002179
239,476.406,1.06098,0.7353,0.96873,0.86132,0.86223,0.8381,0.58479,1.06705,0.78093,1.03924,0.002146,0.002146,0.002146
240,478.401,1.02243,0.74827,0.98214,0.86132,0.86223,0.8381,0.58479,1.06705,0.78093,1.03924,0.002113,0.002113,0.002113
241,480.293,1.05954,0.72362,0.96615,0.86132,0.86223,0.8381,0.58479,1.06705,0.78093,1.03924,0.00208,0.00208,0.00208
242,482.501,1.04719,0.73918,0.9577,0.85653,0.8614,0.83473,0.58327,1.0656,0.78428,1.0355,0.002047,0.002047,0.002047
243,484.817,1.06341,0.71834,0.95118,0.85653,0.8614,0.83473,0.58327,1.0656,0.78428,1.0355,0.002014,0.002014,0.002014
244,486.862,1.13717,0.71776,0.94485,0.85653,0.8614,0.83473,0.58327,1.0656,0.78428,1.0355,0.001981,0.001981,0.001981
245,488.767,1.03685,0.81583,0.9647,0.85955,0.87164,0.8323,0.58,1.05525,0.7865,1.02626,0.001948,0.001948,0.001948
246,490.787,1.10751,0.73609,0.94133,0.85955,0.87164,0.8323,0.58,1.05525,0.7865,1.02626,0.001915,0.001915,0.001915
247,492.593,1.05282,0.73872,0.97145,0.85955,0.87164,0.8323,0.58,1.05525,0.7865,1.02626,0.001882,0.001882,0.001882
248,494.619,1.07583,0.74645,0.96314,0.85936,0.87404,0.8323,0.58123,1.04613,0.78888,1.01847,0.001849,0.001849,0.001849
249,497.173,1.04711,0.73497,0.95199,0.85936,0.87404,0.8323,0.58123,1.04613,0.78888,1.01847,0.001816,0.001816,0.001816
250,499.104,1.07741,0.73943,0.97356,0.85936,0.87404,0.8323,0.58123,1.04613,0.78888,1.01847,0.001783,0.001783,0.001783
251,500.985,1.0387,0.75699,0.96233,0.86654,0.86357,0.8293,0.57973,1.04113,0.78559,1.01483,0.00175,0.00175,0.00175
252,502.91,1.04754,0.71807,0.95092,0.86654,0.86357,0.8293,0.57973,1.04113,0.78559,1.01483,0.001717,0.001717,0.001717
253,504.762,1.02819,0.7045,0.95876,0.86654,0.86357,0.8293,0.57973,1.04113,0.78559,1.01483,0.001684,0.001684,0.001684
254,506.681,1.04971,0.70267,0.94457,0.864,0.86654,0.82848,0.58248,1.03252,0.77908,1.01156,0.001651,0.001651,0.001651
255,508.893,1.03214,0.73119,0.95869,0.864,0.86654,0.82848,0.58248,1.03252,0.77908,1.01156,0.001618,0.001618,0.001618
256,511.248,1.05334,0.74068,0.99389,0.864,0.86654,0.82848,0.58248,1.03252,0.77908,1.01156,0.001585,0.001585,0.001585
257,513.182,1.04815,0.73814,0.95777,0.864,0.86654,0.82848,0.58248,1.03252,0.77908,1.01156,0.001552,0.001552,0.001552
258,515.074,1.07912,0.71484,0.96451,0.86027,0.87842,0.83458,0.58575,1.03316,0.77308,1.01293,0.001519,0.001519,0.001519
259,516.873,1.0071,0.76533,0.98493,0.86027,0.87842,0.83458,0.58575,1.03316,0.77308,1.01293,0.001486,0.001486,0.001486
260,518.848,1.08314,0.73975,0.97801,0.86027,0.87842,0.83458,0.58575,1.03316,0.77308,1.01293,0.001453,0.001453,0.001453
261,520.743,1.04105,0.70217,0.94589,0.86032,0.88163,0.83989,0.58933,1.03819,0.7667,1.0164,0.00142,0.00142,0.00142
262,523.04,1.03888,0.72565,0.97491,0.86032,0.88163,0.83989,0.58933,1.03819,0.7667,1.0164,0.001387,0.001387,0.001387
263,525.327,0.9944,0.72083,0.96236,0.86032,0.88163,0.83989,0.58933,1.03819,0.7667,1.0164,0.001354,0.001354,0.001354
264,527.125,1.00491,0.70243,0.96534,0.85852,0.88333,0.84139,0.59134,1.03764,0.75801,1.01713,0.001321,0.001321,0.001321
265,528.989,1.03601,0.71519,0.96992,0.85852,0.88333,0.84139,0.59134,1.03764,0.75801,1.01713,0.001288,0.001288,0.001288
266,530.797,1.06233,0.73469,0.99208,0.85852,0.88333,0.84139,0.59134,1.03764,0.75801,1.01713,0.001255,0.001255,0.001255
267,532.666,0.99872,0.76046,0.98779,0.85527,0.88518,0.84477,0.59367,1.03732,0.75536,1.01826,0.001222,0.001222,0.001222
268,534.602,1.01671,0.72735,0.95232,0.85527,0.88518,0.84477,0.59367,1.03732,0.75536,1.01826,0.001189,0.001189,0.001189
269,537.107,1.02429,0.7586,0.99389,0.85527,0.88518,0.84477,0.59367,1.03732,0.75536,1.01826,0.001156,0.001156,0.001156
270,539.203,1.02559,0.80556,0.99456,0.85681,0.88051,0.84402,0.5929,1.04497,0.75878,1.02112,0.001123,0.001123,0.001123
271,541.058,1.01398,0.67605,0.93457,0.85681,0.88051,0.84402,0.5929,1.04497,0.75878,1.02112,0.00109,0.00109,0.00109
272,542.881,1.05973,0.71461,0.98029,0.85681,0.88051,0.84402,0.5929,1.04497,0.75878,1.02112,0.001057,0.001057,0.001057
273,544.795,1.1144,0.74785,0.98764,0.85681,0.88051,0.84402,0.5929,1.04497,0.75878,1.02112,0.001024,0.001024,0.001024
274,546.774,1.10372,0.71209,0.9352,0.86124,0.88185,0.84744,0.59359,1.04774,0.76023,1.023,0.000991,0.000991,0.000991
275,548.837,1.05824,0.76203,0.968,0.86124,0.88185,0.84744,0.59359,1.04774,0.76023,1.023,0.000958,0.000958,0.000958
276,551.138,1.03766,0.7235,0.98399,0.86124,0.88185,0.84744,0.59359,1.04774,0.76023,1.023,0.000925,0.000925,0.000925
277,552.923,1.05308,0.79215,1.00974,0.86384,0.88054,0.84893,0.59569,1.04532,0.75958,1.02321,0.000892,0.000892,0.000892
278,554.794,1.0756,0.76814,0.98774,0.86384,0.88054,0.84893,0.59569,1.04532,0.75958,1.02321,0.000859,0.000859,0.000859
279,556.748,1.07118,0.69378,0.94427,0.86384,0.88054,0.84893,0.59569,1.04532,0.75958,1.02321,0.000826,0.000826,0.000826
280,558.703,1.0015,0.68648,0.94801,0.86387,0.87759,0.84698,0.59566,1.04347,0.75395,1.02429,0.000793,0.000793,0.000793
281,560.66,1.01282,0.75177,0.97872,0.86387,0.87759,0.84698,0.59566,1.04347,0.75395,1.02429,0.00076,0.00076,0.00076
282,562.915,1.04751,0.72288,0.96012,0.86387,0.87759,0.84698,0.59566,1.04347,0.75395,1.02429,0.000727,0.000727,0.000727
283,565.264,1.0445,0.72679,0.985,0.86754,0.87438,0.84738,0.5961,1.04355,0.74766,1.02476,0.000694,0.000694,0.000694
284,567.104,1.00905,0.69184,0.96581,0.86754,0.87438,0.84738,0.5961,1.04355,0.74766,1.02476,0.000661,0.000661,0.000661
285,568.933,1.03723,0.73029,0.96206,0.86754,0.87438,0.84738,0.5961,1.04355,0.74766,1.02476,0.000628,0.000628,0.000628
286,570.865,1.06022,0.70535,0.95319,0.87049,0.8786,0.84882,0.59551,1.047,0.74332,1.02603,0.000595,0.000595,0.000595
287,572.719,1.01675,0.71735,0.98663,0.87049,0.8786,0.84882,0.59551,1.047,0.74332,1.02603,0.000562,0.000562,0.000562
288,574.593,1.04956,0.69071,0.96345,0.87049,0.8786,0.84882,0.59551,1.047,0.74332,1.02603,0.000529,0.000529,0.000529
289,576.824,1.01548,0.67992,0.96681,0.87049,0.8786,0.84882,0.59551,1.047,0.74332,1.02603,0.000496,0.000496,0.000496
290,579.24,1.01307,0.68353,0.94005,0.87188,0.87374,0.8477,0.59507,1.04815,0.74587,1.02583,0.000463,0.000463,0.000463
291,582.523,1.03403,0.71821,0.97878,0.87188,0.87374,0.8477,0.59507,1.04815,0.74587,1.02583,0.00043,0.00043,0.00043
292,584.294,1.02017,0.72197,0.98189,0.87188,0.87374,0.8477,0.59507,1.04815,0.74587,1.02583,0.000397,0.000397,0.000397
293,586.279,1.01273,0.70071,0.96944,0.86745,0.87124,0.84726,0.59416,1.0499,0.75321,1.02596,0.000364,0.000364,0.000364
294,588.037,1.01331,0.74779,1.00682,0.86745,0.87124,0.84726,0.59416,1.0499,0.75321,1.02596,0.000331,0.000331,0.000331
295,590.06,1.04784,0.8121,1.01474,0.86745,0.87124,0.84726,0.59416,1.0499,0.75321,1.02596,0.000298,0.000298,0.000298
296,592.451,1.02972,0.755,0.97846,0.8563,0.87594,0.84617,0.59371,1.04822,0.76072,1.02595,0.000265,0.000265,0.000265
297,594.192,1.02005,0.72784,0.96875,0.8563,0.87594,0.84617,0.59371,1.04822,0.76072,1.02595,0.000232,0.000232,0.000232
298,595.997,1.07162,0.83412,0.96481,0.8563,0.87594,0.84617,0.59371,1.04822,0.76072,1.02595,0.000199,0.000199,0.000199
299,597.775,1.02929,0.8728,0.98625,0.85861,0.86666,0.84444,0.59161,1.0503,0.77495,1.02866,0.000166,0.000166,0.000166
300,599.609,1.02361,0.72588,0.94725,0.85861,0.86666,0.84444,0.59161,1.0503,0.77495,1.02866,0.000133,0.000133,0.000133
